X1_FCVC,X2_NCP,X3_CH2O,X4_FAF,X5_TUE
2,4,3,2,2
3,3,3,2,1
3,3,3,2,0
2,3,2,1,0
3,3,3,2,0
3,1,1,0,0
3,1,1,0,0
3,4,1,1,0
3,3,3,1,1
3,3,2,0,1
2,1,1,0,2
3,3,2,2,1
2,3,1,3,2
1,3,1,2,1
3,4,2,0,0
2,1,3,1,0
3,3,2,1,1
2,3,2,2,1
3,3,3,3,2
2,4,2,2,1
3,3,2,2,0
3,4,1,2,1
1,4,1,2,1
2,3,1,2,0
3,3,2,3,1
2,3,3,0,2
2,3,2,0,1
1,3,2,3,2
3,4,2,2,0
3,4,2,2,0
2,3,2,0,2
3,3,1,1,0
3,1,2,0,1
2,3,2,0,2
2,3.28926,2.847264,1.680844,2
2,4,2.884033,2,1.340107
2.450218,3.995147,2.147746,2,0.58998
3,3,2.815293,1.978631,1
3,3,2.593459,2,1
2.880161,3,1.031354,2.206738,1.37465
3,1.72626,2.444125,1.31817,0
3,2.581015,2.654702,0.902095,0
3,1.600812,2.651258,0.600817,0
2.00876,1.73762,1.792022,0.119643,0
2.596579,1.10548,1.490613,0.345684,0
2.591439,3,2.074048,1.679935,0
3,3,3,2.539762,1.283673
3,2.0846,2.13755,0.196152,0.062488
3,1.894384,2.456581,1.596576,0.9974
2.392665,1,1,0,0.738269
3,1,1,0,0
3,2.857787,1,0.754646,0
3,1,1.527036,0,0.860497
3,1,1.322669,0,0.478676
3,1,1,0,0
3,3.765526,1.656082,0.42777,0.555967
3,3.285167,1.569082,0.545931,0.469735
1.123939,4,1,1.303976,0.371941
3,3,2.843777,1.488843,0.009254
3,3.691226,2.650989,1.228136,0.8324
3,3,2.027984,1.661556,0.114716
3,3,2,0.658894,1
3,3.156153,1.253803,0.544784,0.256382
3,3,2,0.819682,1
2,1.07976,1,0.194745,1.547086
2.027574,1,1.636326,0,1.906141
2.658112,1,1.298165,0,1.639326
2.88626,3.559841,1.632004,2,1
2.714447,3,2,1.903182,1
2.750715,3,2,1.067817,1
2,3,2.099863,1.63581,2
2,3.891994,1.86393,2.870127,2
2,3,1.229915,0.619533,2
1.4925,3,1.049134,2,1
1,3.240578,1,2,1
2.205439,3,1.530531,2,1
2.059138,3.904858,2,0.821977,0
3,3.11158,2.721769,1.44287,0
3,3.590039,2.7305,0.107078,0
2,2.057935,2.371015,0.288032,0.714627
2.310423,3.558637,1.787843,1.926592,0.828549
2,2.000986,2.673835,0.99295,0.474836
2.823179,3,1.773236,1.252472,1
2.052932,3,2,0.520408,1
2.596364,3,2,0.281734,1.488372
2.767731,3.821168,2,2,0.556245
2,3.897078,2.622638,2,1.894105
2,3.092116,2.426465,2,1.839862
2.815157,3,2.911187,2.595128,1.380204
2.737762,3,2.310921,2.240714,1.59257
3,3.286431,2.148146,2.458237,1.273333
2.568063,4,2,2,0.220029
2.524428,4,2,2,0.03838
2,4,2.157395,2,1.679149
3,3,2,0.139808,0.875464
2.971574,3.592415,2.894678,2,1.009632
3,3,2.025279,2,0.152985
3,3.754599,1.692112,2,1
3,3.566082,1.438398,2,1
3,3.725797,1.191401,2,1
1.0816,3.520555,1.016968,0.651412,1
1.270448,3.731212,1.876915,2,1
1.344854,4,1,2,1
2.959658,3,1,1.522399,0
2.725282,1.259803,1,1.37467,0
2.844607,1.273128,1.69551,0.260079,0.635867
2.44004,3,2,2.784471,1
2.432302,3,2,2.349495,1
2.592247,3.304123,2.036764,2.038653,1.119877
2.449267,3.647154,1.266018,0.866045,0.097234
2.929889,3,2.792074,0.630944,1.366355
2,3,1.426874,2.20208,2
2.015258,3.300666,1.315608,0.069802,1
1.031149,3,1.963628,0.028202,1
1.592183,3.535016,1.086391,0.618913,1
1.21498,1.717608,1.179942,0.684739,2
1.522001,3,1.98126,2.306844,0.720454
2.703436,2.884479,1.439962,0.144627,0.322307
2.362918,4,2.358172,2,0.939819
3,3.626815,2,2.011519,0.456462
2.14084,4,2.931438,2,1.164457
3,4,2,2,0
2.5596,4,2,2,0.331483
2.336044,4,2,2,0.133005
2,3,2,0,1.593704
2,3,2,0,1.329237
1.813234,3,1.274815,0.520407,1.673584
2.724285,3,1,1.070331,0
3,3,1.28246,1.60195,0
3,3,2.875583,1.258504,0
3,1,1.387531,0,0.466169
2.71897,1.473088,1.164644,1.235675,0.930926
3,1,1.848703,0,0.744555
1.133844,3,1.325326,0.227985,1.708309
2,3.16645,2.278578,1.838881,2
1.757466,3,1.153559,0.833976,1.616045
2,3.494849,2.976672,1.94907,2
2.979383,3,2.975887,0.945093,1.241755
3,2.99321,2.702783,1.967234,0
2.204914,2.127797,2.120292,0.995735,0
3,3,2.949419,1.295697,0
2.927218,1,1,0,0.276592
2.88853,1,1,0,0.196224
2.890535,3.90779,1.109115,1.548953,0.555468
3,3.699594,2.825629,1.699592,0.071028
3,3.179995,1.910378,0.480614,0.625079
2,1.075553,1,0.127425,1.679442
2.530066,3,1.965237,2,1
2.241606,3,1.846626,2.460238,0.814518
1.003566,3.238258,1.014634,0.783676,1
2.652779,3.804944,1.60114,0.174692,0.096982
2,1.630846,2.975528,0.548991,0.369134
2.897899,3,1.835545,1.162519,1
2.483979,3.762778,2,2,0.930051
2.945967,3,2.953192,2.830911,1.466667
2,4,2.28525,2,1.162801
2.478891,3.371832,2.004126,2,0.327376
2.784464,4,1,2,1
1.005578,4,1,1.683957,0.704978
2.938031,2.705445,1.333807,1.877369,0.370973
2.842102,3.34175,2,2.511157,0.560351
2,3,2.685842,0.373186,2
2,3,2,0,1.525597
1.889199,2.217651,2.013605,2.075293,1.683261
3,4,2,2,0
2.943749,4,2,2,0.128895
2.33998,3,2,0.027433,1.884138
3,2.893778,1,0.769726,0
3,1,1.954889,0,0.907868
1.950742,3,1.751723,0.201136,1.743319
2.277436,3.502604,2.891713,1.696294,1.894902
2,4,2.369627,2,1.612466
2.371338,3.998766,2.263466,2,0.844004
2.984425,3,2.044694,2.008256,1.250871
2.977018,3.193671,2.482933,2,1
2.663421,3,1.04111,0.794402,1.391948
3,1.69608,2.550307,1.098862,0
2.753752,2.812377,2.346647,1.612248,0
3,1.612747,2.566629,1.190465,0
2.318355,1.082304,1.220365,0.033328,0
2.594653,1.882158,1.916812,0.417119,0
2.886157,2.326233,2.306821,1.42237,0
3,3,2.924594,1.352558,0.220087
3,1.989398,2.241607,0.206025,0.284453
3,1.735493,2.318736,1.193486,0.74568
2.967853,1,1.131185,0,0.504176
3,1,1,0,0
3,2.974568,1.145761,0.87967,0
2.619835,1,1.198883,0,0.751212
3,1,1.185062,0,0.076654
3,1,1,0,0
3,3.715118,1.774576,0.10297,0.646423
3,3.489918,1.326694,0.791929,0.128394
1.053534,3.378859,1,1.853425,0.861809
3,3.263201,2.233274,1.557737,0.000355
3,3.994588,2.548527,1.285976,0.267076
2.530233,3.24934,2.387945,1.976341,1.672508
3,3,2,0.854337,1
2.8813,3.087544,1.24818,1.952427,0.427461
2.824559,3,2,0.533309,1.099764
2.762325,1.163666,1.30491,0.25289,1.001405
2.070964,1,1.676975,0,1.718513
2.68601,1,1.310074,0,1.0647
2.794197,3.409363,1.543021,2,1
2.720701,3,2,1.862235,1
2.880792,3.281391,1.960131,1.513029,1
2.674431,3,2.453384,1.321624,1.990617
2,3.98525,2.654078,2.113151,2
2.55996,3,1.990788,0.486006,1.561272
1.212908,3.207071,1.029703,2,1
1.140615,3.471536,1,2,1
2.562409,3.488342,1.67062,2,1
2.004146,3.443456,2.020764,1.078719,1.26729
2.690754,3.03779,2.212296,1.616882,0
3,3.642802,1.995177,0.118271,0.065515
2.051283,2.645858,2.35752,0.291309,0.897942
2.19005,3.420618,1.356405,1.351996,0.98468
2.21498,2.64155,2.121251,0.998391,0.85882
2.91548,3,1.777486,1.077469,1
2.708965,3,1.873004,1.21718,1
2.853513,3,2,0.680464,1.258881
2.580872,3.887906,2,2,0.453649
2.508835,3.435905,2.076933,2.026668,1.443328
2,3.747163,2.575535,2,1.84383
2.896562,2.625475,2.839558,1.949667,1.253311
2.911877,3.098399,2.196405,2.328147,1.55011
2.910733,3.12544,2.204263,2.407906,1.403037
2.966126,3.96981,2,2.000088,0.378619
2.613249,3.712183,2,2.002997,0.174848
2,4,2.542415,2,1.807465
3,3,2.00357,1.25955,0.417116
2.627031,3.832911,2.993448,2,1.425903
3,3,2.009796,2,0.071317
2.919751,3.576103,1.949308,1.940182,1
2.494451,3.56544,1.491268,1.951027,0.956204
1.69427,3.266644,1.095417,2,1
1.601236,3.433908,1.055019,0.819269,1.030848
1.204855,3.531038,1.134658,2,1
1.052699,3.998618,1,2,1
2.910345,3,1,1.461005,0
2.866383,1.226342,1,0.14495,0
2.913486,1.060796,1.596212,0.108948,0.773087
2.432886,3,2,2.697949,1
2.883745,3.595761,2,2.077653,0.714701
2.707666,3.737914,2.026547,2.009397,0.613971
2.919584,3.697831,1.147121,0.993058,0.08922
2.969205,3.21043,2.765876,0.611037,1.300692
2.486189,3,1.064378,2.206055,1.958089
1.642241,3.45259,1.099231,0.418875,1
1.567101,3,1.994139,0.107981,1
1.036414,3.205587,1.745959,0.115974,1
1.649974,1.513835,1.549974,0.227802,1.972926
1.118436,3,1.997744,2.432443,1.626194
2.673638,2.779379,1.249074,0.043412,0.403694
2.120185,4,2.582165,2,1.510609
3,3.732126,2,2.000934,0.384662
2.34222,3.937099,2.311791,2.013377,1.128355
2.86099,4,2,2,0.007872
2.559571,3.047959,2,2.011646,0.588994
2.424977,4,2,2,0.03921
1.786841,3,1.546856,0.512094,1.608265
1.303878,3,1.755497,0.062932,1.672532
1.889883,3,1.959531,0.520407,1.151166
2.984004,3,1.015249,1.327833,0
3,2.975362,1.246822,0.979701,0
3,3,2.487919,1.230441,0
3,1,1.49681,0,0.513427
2.749268,1.394539,1.322048,0.463949,0.800993
3,1,1.764055,0,0.560887
1.202075,3,1.927976,0.023574,1.747256
2,3.131032,2.072194,1.487987,2
1.871213,3,1.283738,0.684879,1.487223
2,3,2,0,1
3,3,3,3,0
2,3,2,2,1
2,3,2,0,0
3,3,2,1,0
2,3,2,3,0
3,3,2,1,1
2,3,2,1,1
3,3,3,2,0
3,1,1,1,1
3,3,2,2,1
3,3,2,1,0
2,3,2,0,1
2,4,2,3,2
2,1,2,1,2
2,4,2,2,1
3,3,2,3,1
2,3,2,2,2
2,3,3,1,1
2,4,2,2,0
2,3,1,2,0
2,3,1,1,0
2,3,2,1,1
2,4,2,0,0
1,3,1,0,0
2,3,2,1,1
1,3,2,2,0
1,3,3,2,0
1,3,3,2,0
3,3,2,1,0
2,3,2,0,0
3,3,3,0,1
2,3,1,0,0
3,1,2,2,2
3,3,2,2,1
3,4,3,2,0
2,4,2,0,0
2,3,1,0,1
2,3,1,0,1
3,1,2,1,1
2,3,3,3,1
2,3,2,3,1
2,1,2,0,0
2,3,2,0,2
2,3,1,1,1
2,3,3,0,1
2,3,3,1,0
2,3,3,2,1
2,3,2,0,0
3,3,2,0,0
2,3,2,0,0
2,1,3,1,0
2,3,2,1,0
3,3,2,0,1
3,3,2,1,0
3,3,2,2,0
3,1,2,2,0
2,3,2,3,0
2,3,2,3,1
3,1,1,0,0
2,3,2,0,0
2,4,2,2,0
3,4,2,1,0
2,1,2,2,0
2,1,2,2,0
3,3,2,0,1
2,1,1,0,0
2,4,2,1,0
2,1,2,3,0
3,1,2,1,0
3,3,2,0,1
2,3,2,1,1
3,1,2,1,0
2,3,2,1,0
3,1,3,1,0
3,3,1,0,0
2,4,2,1,1
2,3,1,1,0
3,3,3,1,2
3,3,2,1,1
2,3,2,1,1
3,3,3,3,0
2,3,2,0,1
3,3,2,2,0
3,3,2,2,2
3,3,2,0,0
2,1,2,2,1
3,3,2,2,0
3,1,2,1,1
3,3,1,0,1
2,3,2,2,1
3,3,1,2,1
3,3,2,2,0
3,3,2,3,0
3,3,2,0,0
2,3,2,1,0
3,1,2,1,2
3,3,2,0,1
2,3,2,2,0
3,1,1,1,0
3,3,2,3,0
3,3,2,2,2
2,3,2,1,0
2,3,1,0,0
2,3,2,1,1
2,3,2,1,0
2,1,3,2,1
2,3,2,1,2
2,1,1,1,1
2,3,2,3,2
2,3,2,1,0
2,3,2,1,1
2,3,2,1,1
2,1,1,1,1
3,3,2,1,0
2,3,2,1,0
3,3,3,0,2
3,3,2,3,0
1,1,2,3,0
3,4,3,0,2
3,3,3,1,0
2,3,1,0,1
3,3,2,1,1
3,1,3,0,0
3,3,3,2,0
2,1,2,2,0
2,1,2,2,0
1,3,2,3,0
3,3,1,1,1
3,1,3,1,1
3,3,3,3,1
2,1,3,1,1
1,3,2,0,2
2,1,2,2,0
3,3,3,0,1
3,3,1,3,1
3,3,3,3,0
2,1,2,0,2
3,3,2,0,0
2,3,2,1,1
3,3,3,1,1
2,4,2,0,2
2,3,2,0,1
2,3,1,0,2
2,3,2,2,1
2,3,2,0,0
2,3,1,2,1
3,3,2,0,1
2,4,3,3,2
3,3,2,0,0
3,4,2,0,0
2,3,2,0,0
2,3,1,1,1
2,3,3,2,1
1,1,2,1,1
2,3,1,1,1
2,3,3,3,0
3,3,1,0,2
2,3,3,3,0
2,3,2,2,1
2,3,1,1,1
2,3,2,1,0
2,1,1,0,1
3,3,2,2,1
2,3,1,0,1
2,3,1,0,0
2,4,2,2,1
2,4,2,0,1
1,3,2,0,2
2,1,1,0,2
3,4,3,2,0
2,1,1,0,1
2,3,2,3,1
3,3,1,3,0
1,3,2,1,1
3,3,1,1,0
2,3,2,0,0
3,3,1,2,1
3,4,2,1,1
2,3,1,0,0
3,1,2,1,1
3,3,1,3,1
2,3,2,3,0
2,1,1,1,0
3,3,2,3,0
3,1,3,3,1
2,3,2,2,1
2,1,2,1,0
3,4,3,3,0
2,3,2,0,1
3,3,2,3,2
3,3,2,1,1
2,3,1,0,0
3,3,2,3,0
3,3,2,3,1
3,3,1,2,0
2,3,2,3,2
2,3,1,3,2
3,4,2,2,0
1,3,1,2,2
1,3,2,0,1
2,3,2,1,2
1,3,1,1,1
2,3,2,1,0
2,3,1,1,1
2,1,2,2,1
3,3,2,0,0
2,3,1,1,1
3,3,1,0,2
2,1,2,0,2
2,4,2,2,1
3,3,1,2,0
2,4,2,1,1
3,3,1,2,1
3,3,2,0,2
3,3,1,2,0
2,3,1,0,1
3,1,1,0,2
2,3,2,1,1
1,3,1,1,2
3,3,3,2,2
2,3,1,0,1
3,3,1,2,1
2,4,3,0,0
3,1,1,0,0
2,3,2,1,1
2,3,2,3,1
2,3,2,3,1
3,1,2,0,0
3,1,3,2,1
2,3,2,1,1
2,3,2,1,0
3,3,3,2,1
2,3,2,2,0
2,3,2,2,1
2,3,3,1,1
3,3,2,3,0
3,1,1,2,1
2,3,1,1,0
2,4,2,2,1
3,3,1,2,0
2,3,1,1,1
2,4,2,3,1
2,3,1,0,0
2,1,2,1,0
3,3,2,2,1
2,3,2,0,1
2,3,1,0,0
3,3,1,1,2
2,3,2,0,1
2,1,2,2,0
2,4,1,3,0
3,3,2,2,0
1,3,2,2,2
3,3,2,1,1
2,3,2,1,0
3,3,2,2,1
3,3,1,0,0
3,1,1,1,0
2,3,1,1,1
3,1,2,0,0
2,3,1,0,0
2,3,1,1,1
2,3,1,1,1
2,3,1,2,1
3,4,2,2,0
2,3,1,1,1
3,3,1,1,0
3,3,1,1,0
2,3,2,3,0
1,3,1,1,0
2,3,1,1,0
3,3,1,1,1
2,3,1,1,1
1,4,2,1,2
2,3,1,0,1
3,4,1,2,0
2,1,2,1,1
1,3,2,3,1
2,3,2,1,0
3,3,3,2,1
2,1,1,0,2
2,3,1,1,1
2,3,1,2,0
3,3,2,0,0
3,1,1,0,0
2,3,2,1,1
3,3,2,2,0
2,1,2,0,0
1,4,3,0,1
2,3,2,1,0
1,3,2,0,1
2,3,2,0,0
3,4,3,3,0
2,3,1,0,1
2,3,2,0,2
2,3,2,0,0
2,3,2,1,0
3,1,1,0,0
2,4,3,2,2
2,1,3,1,0
2,1,2,0,0
3,3,3,0,0
2,1,2,1,0
2,1,3,1,0
2,1,3,1,0
2,1,3,1,0
3,3,2,1,0
3,1,2,2,0
3,3,3,3,0
3,3,2,1,1
2,3,3,3,1
2,3,3,1,0
2,3,2,0,2
3,4,3,2,0
3,3,2,3,0
3,1,2,3,0
1,3,2,3,0
2,3,1,1,0
2,3,2,2,0
2,3,2,2,0
3,3,3,1,2
2,3,3,2,1
2,3,1,0,1
2,3,1,0,0
3,4,1,0,0
2,3,2,1,2
3,1,2,1,2
3,1,1,1,0
3,3,2,1,0
2,1,2,2,1
2,3,2,3,1
3,1,2,1,2
1,1,2,0,0
2,3,2,0,0
3,3,1,1,2
3,3,2,0,0
3,3,1,2,0
2,3,1,0,2
2,1,3,3,1
2,4,2,2,1
2,3,3,1,2
2,1,1,0,2
3,3,2,1,0
2,3,1,0,0
2.341133,1.578521,2,2,0.554072
2,1,2.115967,0.770536,0
1.450218,3.985442,2.147746,0.046836,1
2.204914,3.623364,1.815293,0.989316,0
1.206276,3,2.406541,0.94984,0.479221
2,3,1.015677,0,0.37465
2.81646,3.36313,2.722063,3,0.26579
2,3,1.345298,1.097905,1
2,3,1.825629,0.699592,0.142056
2,1.73762,2.207978,2.641072,0.707044
2,3,2,0.345684,1.415536
3,1.146052,1.074048,0.679935,0
1.758394,3.981997,2.174248,0.920476,1.358163
2,1.9154,3,1,0
2,2.105616,1.456581,0,0.9974
2.392665,3,2.951056,0,0.369134
2.577427,1,2,2.287423,0
2,1,2.803311,0.245354,0
2,1,3,1,0
2,1,3,1,0
2.052152,3,1.972074,0.228307,0
3,1,2,2.57223,0
2.954996,3.714833,2.430918,2.545931,0.469735
3,3,2.229171,1.607953,0.628059
2,3,2.843777,2.022315,0.009254
2,3.691226,3,1.228136,0.3352
2,3,2,0,2
2.555401,3.292386,3,2,0.315918
2.108711,3,2.746197,1.910432,0
2.915279,1.104642,1.530046,1.360635,0
1.570089,3,2,2.707882,0
2,3,1.636326,1,0
2,3,1.701835,1.682271,0
1.94313,3.559841,2.367996,0.23553,0.879977
2.714447,3,3,1.096818,1.89388
2,3,2.292073,1.067817,0.19668
2.903545,3,1.549931,0,0.273882
2,3,1,0,1.339232
3,3.654061,1.229915,0.793489,1.597608
1.75375,1.296156,2,0.110174,1.944675
2.543563,1,2,0.694281,1.056911
2.39728,2.656588,2.061062,1.912981,1.887386
3,2.809716,1.591425,0.178023,0
2,2.77684,1.278231,0.55713,1
2.37464,3,2,2.892922,0.480813
2.278644,1,2.628985,1,1.285373
1.620845,1,2,0.926592,1.657098
2,1.999014,2.326165,0.00705,0
2.823179,2.644692,1.226764,0.747528,0.008899
3,2.449723,2,0.479592,1.720642
3,3,1.174611,2,0
2,3,1,0,1.112489
2,2.794156,2.377362,0.101236,0.105895
2.061952,4,2.426465,2,0.160138
2,1.146794,3,1.809745,1.690102
2,1.131695,1.344539,0,1.59257
2.838969,3,2.425927,1,1.453335
2.568063,3,1.817983,0,0
3,3,1.205633,2,0
2.652958,2.488189,2,2,0.096614
2,1,2.00876,0.63119,0
2,1,2.069184,0.729898,0
1.27785,3.999591,2.495944,0.00342,1
2,3,1.957871,0.994592,0.117303
1.729824,3.612941,2.043703,0.562118,0.426643
1.452524,3.950553,2.109858,0.508847,1.194633
2,3,2.177386,0.336814,0.004813
2,3,2.168651,0.977998,0.142638
3,2.951837,2.112032,0.378683,0
2,2.799979,1.081333,0.444347,1
2,3,1.005727,0,0.798219
2,3,2,0.129163,1.983678
2,3,2,0,2
2,2.228113,2.045004,1.293665,0.961806
2.303367,3.042774,1.277636,0.944982,0.366126
2.948425,1.198643,1,0,0.173796
2.291846,1.555557,1,0,0.388271
1.906194,3.987707,2.597746,1.922234,1.376124
1.834155,3.995957,2.632871,1.236114,1.980875
2,1,3,1,0
2.048582,1.047197,2,0.15136,0.22596
2.948248,3,2.429911,0.11964,0.360193
2.869436,3,2.972426,2.16079,0.305954
2.293705,1,2,2.063943,0
2.510583,1,2,2.119682,0
2,1,3,1,0
2,1,3,1,0
2,1,3,1,0
2,1,3,1,0
2,1,3,1,0
2.366949,3,1.926577,1.581242,0
2.615788,3,1.771781,0.759422,0.686529
3,1,2,2.315983,0
2.217267,1.193589,2,2,0
3,3,2.759246,1.763277,0.453314
2.801514,3,2.734782,2.207881,0.143675
2.188722,3,2.721356,1.528968,1
2.971351,3.390143,2.133767,2.318492,0.678618
2.086093,3.546352,2.081121,1.993666,0.673835
1.901611,3.266501,2.926995,0.985872,0.307982
1.977298,3.554974,2.217957,0.97812,0.459759
2.446872,2.372311,1.81031,0.094893,1.650778
2.839048,2.10601,1.639202,1.117311,0.967919
2.21232,4,2.374044,2,0.622638
2.427689,3.715306,2.876096,1.815768,0.426465
2.357496,3.376717,2.184843,1.358185,0.014885
3,1,2,2.971832,0
3,1,2,2.877473,0
1.078529,1.211606,2.568063,3,0.817983
2,3,1.333707,1,0
2,3,1.164062,1,0
2,3,2,1.722053,0
1.064162,3.98955,2.028426,0.81517,0.894678
1.993101,3.171082,2.364498,1.224743,0.022245
2.620963,3,2.824559,0.754599,2
2.95118,3,3,2.433918,0.561602
2.021446,3,1.077917,0.523847,0.808599
2,3,1,0,0.018877
2.000466,3,1.131448,0.061366,0
2.5621,3.105007,1.172427,0.184917,0.923082
2,3,1.040342,0.497373,1.783319
2,3,1.274718,0.129902,0.978574
2.96008,1,2,0.736032,1.344072
2.53915,1.590982,1.977801,1.264616,0
2.244142,1.704828,1,0.792929,0.395468
3,2.725012,1.62244,0.902661,0
2,2.372339,1.675733,1.066241,1
2,1.097312,1.328835,1.264257,1
2.253371,3,2.756916,1.016042,0.213437
2.851664,1,2,0.977929,1.765321
1.31415,1.068196,1.364957,0,0.057926
1.321028,1,2,0.371452,0.965604
2,1.411685,1.859089,0,1.306
2.253998,2.752318,2.328331,0.815509,0.024088
2.778079,3,1.696691,0.94224,0.879925
2.838037,2.737571,1.144467,0.753782,1.286844
3,2.973504,2,0.178976,0.166076
2.814453,2.608055,1.85916,2,0.516084
2.013782,2.625942,1.045586,0.553305,0.480214
2,1.411808,2.651194,2.878414,0.953841
2,1.095223,2.474132,2.876696,0.7939
2.459976,3.30846,2.078011,1.779646,0.871772
2.643183,3.821461,2.397124,2.044165,0.471663
2,3,2.813234,0.228753,2
2,2.658639,2.781628,1.955992,1.409198
2.22399,1,2.20312,0.104451,1.899073
2.104105,3,1.871033,1,0
1.972545,2.339614,1.711074,0.095517,1.191053
2.286481,1.713762,1.797161,1.658698,0.926581
2.971588,2.743277,1.394883,2,0.470243
2,1,2.881677,0.915699,0
2,1,2.795651,0.80873,0
2.872121,3.051804,2.111913,0.843709,0.153559
2.109162,3.245148,1.971774,0.989335,0
2.178889,3.563744,1.853991,0.997731,0
1.142468,3,2.197732,0.827506,0.572877
2.047069,3.829101,1.641022,1.554817,0.248218
2.843709,3.058539,1.130079,2.834373,0.044954
2.416044,3.196043,1.352649,0.148628,1.08266
2,3,1.968011,1.072662,0.776758
2.146598,3,2.100112,1.17116,0.833761
2,3,1.362642,0.921268,0.139013
2,1.391778,2.64548,2.685087,0.97554
2,3,2,0.121585,1.967259
2,3,2,0.334579,1.905826
3,1.13715,1.000695,0.261274,0
1.766849,3.322522,2.616285,0.943058,0.256977
1.188089,3.269088,2.039535,0.779686,1.043108
1.910176,2.938135,2.943097,0.997202,0.207922
2,1.259628,3,1,0
2.956671,2.965494,2.868132,0,0.54925
2.002796,3,2.526775,0.271174,0.806069
2.288604,2.845307,2.638164,0,0.990741
2.277077,1,2,1.061743,0
2.138334,1,2,2.269058,0
2,1,2.976177,0.780117,0
2,1,3,1,0
2,1,3,1,0
2,1,3,1,0
2.029634,3,1.827515,0.480206,0
2.048216,3,1.305816,0.170452,0.276806
2.8557,1,2.663861,2.762711,0.783336
2.995599,3.095663,2.568157,2.7243,0.330457
2.987148,3.483449,2.359246,2.060415,0.598999
2,3,2.763573,1.502711,0.127879
2,3.156309,3,1.179592,0.086868
1.887951,3.728377,2.682107,1.123931,0.492528
2.786008,3,2.526193,0.925118,2
2,3,2,0.092344,1.466496
2.342323,3.60885,2.878866,2,0.208323
1.874935,3.370362,2.558773,1.206121,0.271024
2.213135,3,2.046766,2.172546,0
2.273548,2.39007,1.648404,0.874643,1.102696
2.780699,1.101404,1.579207,1.153775,0
1.687569,2.756405,2.079131,2.931527,0.68173
2,3,1.081597,1,0
2,3,1.833055,1,0
2,3,1.281683,1.609801,0
1.989905,3.054899,2.080968,1.107543,0.939726
1.947405,3.118013,2.136159,0.783963,0.88868
2.162519,3,2.152666,1.078074,1.502839
2.923916,3.335876,2.372444,1.305633,0.311436
2.99448,3,1.706568,0.784216,0.150969
2,3,1,0,1.301385
3,3.205009,2.643468,0.998039,1.898139
2.507841,3.648194,1.279756,0.132629,1.82753
1.836554,1.865238,2,0.320209,1.969507
1.773265,2.118153,1.075239,0.085388,1.915191
2.388168,1,1.438018,0.110887,1.165817
2.286146,2.961113,2.657303,1.91108,1.618227
3,2.400943,1.509734,0.167125,0
2,2.870005,1.15031,0.417724,1
2.487167,3,2.396977,0.577063,0.435072
2.185938,1,2.81353,1,1.110222
2.206399,1,2,0.94893,1.772463
1.952987,1,1.334856,0.732276,1.890214
2,1.030416,2.118716,0.529259,0
2.908757,2.696051,1.622827,0.539952,0.001096
2.628791,2.762883,1.512035,0.303722,0.003229
3,2.401341,2,0.663896,1.753745
2.749629,2.298612,2,0.547515,1.619473
1.595746,3.618722,1.274389,1.504003,0.370067
2.885178,2.562895,1.017006,0.588673,0.916291
2.372494,2.849848,1.028538,0.675983,0.303025
2,2.805436,2.122884,0.045651,0.017225
2.153639,3.715148,2.703337,2,0.226097
2.793561,3.788602,2.429059,2.094542,0.393358
2,1.893811,3,1.376229,1.801322
2,1.010319,1.319437,0,1.626456
2.992329,3,2.004908,1,1.405086
2.927409,3,2.209991,1,0.797215
2.706134,2.669766,1.979848,0.445238,0.908836
2,1,2,0,0
2,3,2,2,1
2,1,1,1,0
3,4,1,0,0
2,3,2,3,2
2,1,1,1,0
2,1,2,0,0
2,3,2,2,2
2,3,3,3,0
2,3,1,0,1
1,3,2,0,2
2,3,2,0,2
2,3,3,0,1
2,3,3,0,0
2,3,2,0,0
2,3,2,0,1
3,3,1,2,1
2,3,2,1,1
3,3,3,2,1
1,3,2,0,2
3,3,1,0,0
3,3,3,1,1
2,3,3,2,0
2,1,2,0,0
2,3,2,1,0
3,3,3,2,1
2,3,2,1,2
2,3,1,0,0
2,1,2,2,1
2,1,1,0,0
2,1,2,0,0
2,1,1,1,1
3,3,3,0,0
3,1,2,1,0
2,3,3,1,0
3,1,2,1,1
2,1,3,0,0
2,3,2,1,0
2,3,3,1,0
3,1,1,1,0
3,3,2,0,0
2,3,3,1,1
2,1,2,3,0
2,1,2,0,0
3,3,2,3,1
2,1,3,1,0
3,3,3,3,0
1,3,2,0,1
3,1,2,2,1
3,3,2,3,0
2,3,2,1,0
3,3,2,1,1
2,3,1,1,1
2,1,2,0,0
3,4,2,1,1
2,3,1,0,2
3,3,2,1,0
3,3,1,0,0
2.010684,1.322087,2,0.540397,0.973834
2,2.041558,2.38725,0.813917,0
2,3,2,1.66639,1.443212
2,2.468421,2,2,1
2,2.110937,2.175632,1,0
2.300408,3.071028,1.738959,0.090147,0
2.119643,3.292956,1.723372,0,0.987102
2,3,2,2.936551,1.40913
2,3,2,0.451078,2
2,2.283673,1.970622,1.863258,1.581703
2.901924,1.124977,2.76382,0.8554,0.999183
2,2.9948,1.290979,0.87599,0.85405
2.451009,3,2,2.177243,1.323877
2,2.983297,1.453626,0.32896,0.509396
2.754646,3,2.957821,2.242754,0.786609
2.417635,3,1.937674,1.417035,1
2.512719,3,1.131169,0.095389,1
1.771693,1.890213,2,0,1.36595
1.57223,1.888067,2,0,0.552498
2,3,2,0.973114,1.540298
2,2.256119,1.142873,0.807076,1.611271
2,3,2.020424,0,1
2,2.6648,1.810738,0.80989,1
2.661556,3,3,0.55181,0.658783
2,3,1.18423,0.155579,0.453404
2,3,2.879402,0,0.322405
3,3,1.699971,1.727114,1
2.097373,2.547086,1.538626,1,0.761898
2.061461,2.812283,3,0.362441,0.78519
1.317729,2.278652,2,1.80674,1.93977
1.882235,1.240046,2,0,1.541493
2.951591,3,2.971557,0,0.947192
2.067817,3,1.082084,0,1.922364
2.54527,3,2.269564,0.503122,1
2,1.660768,2.482294,0.891205,0
2,2.597608,2,0,0.434198
2,3,2,1,0
2.694281,3,2.653831,1.96582,0.891189
2,3,2,0.826609,2
2.821977,2.044035,1.954968,1,0.854536
2,3,1,0,1.48189
2,2.038373,2,2.70825,1.506576
2,1,1,0.262171,0
2,1,1,0.740633,0
2,1.474836,2,0.274838,0.613902
2.252472,3.986652,2,0.934286,0.890626
2,2.720642,1.5197,0.279375,1.043435
2,1.976744,1.628997,0.880584,1.127675
3,3,2.981604,0,0
2.033745,3,1.517225,0,1.517897
3,2.679724,1.999737,1.747347,0.681773
2.595128,1.619796,1.642251,0.662831,0.999268
2.759286,2.59257,2.549617,1.427233,0.519395
2,1.546665,3,1,0
3,3.339914,2,1,1
3,3.884861,2,1,1
1.925064,2.358298,2.774043,0,0.133566
2,3,1.774778,0.943266,0
2,3,2.802498,1,0.41758
2.846981,3,2.87781,1,0.429081
2.650629,1,1.708083,1.876051,0.938791
3,1.802305,2,0.390877,0
2,3,3,1.072318,0.651904
2,2.7976,2.991671,2.148738,0
2.631565,2.627173,2.253422,2.690756,0.845774
2,1,2,1.472172,0
2.522399,1.032887,2.397653,2.358699,0.440087
3,3.014808,2,1.997529,1
2,2.271734,2.629043,1,0.075823
2.784471,2.122545,2.984153,2.164472,0.203978
1.650505,3,2,1.73234,1
1.961347,3,2,1.655488,1
2.133955,2.902766,1.753464,1.729987,1
2.684528,1,1.05668,1.516147,0.084006
2.265973,2.687502,2,2.21722,0.648522
2,3,2.205911,1.293396,0
3,3,2,1.271667,0.155278
2,1.178708,1.791286,0.893362,0.276364
2,3,1.117464,1,0.663649
1.306844,2.279546,2,0,0.739609
2,2.677693,2.693978,0,0.688013
2.258795,3.53009,1.172186,0.678943,1
2,3,2.641642,0.285889,1.50301
2.689929,1.835543,1.718569,0.674348,0.707246
2.712747,2.853676,1.526313,1,0.173665
2.353603,2.337035,1.830614,0.706287,0
2.598051,3,1,0,0
1.718156,1.631184,2,0,0.306124
2,3,2,2.721646,1.269982
2,1.005391,2.001936,1,0
2.795086,3.250467,1.367876,0.022958,0
2,3,2,2.939733,1.692287
2.030256,2.948721,1.984323,0.986414,0.333673
2,1.80993,2.174835,0.340915,0.020153
2.493448,3,1.849997,0.954459,1.444532
2.442536,3,2.825629,3,0
2.003951,3,1.207978,1.916751,1.228995
1.34138,1.94671,2,0,0.975504
2,2.9796,1.964435,0.189957,1.73216
2,2.994198,2.747302,0,0.799756
2,3,2.13755,0,0.124977
2,1.894384,2,0,0
2.607335,3,2,0.451009,0.630866
3,3,1.507638,1.82434,1
2.061384,2.579291,1.909253,1,0.962468
2.696381,3,2.472964,1.856119,1
1.116068,2.449067,2,0.92635,1.97117
2.116432,3,1.002292,0,1.066708
3,3,2.147074,1.416076,1
2.031246,3,2.803002,1.98448,0.418623
2.938031,1.532833,1.931242,0.525002,0.371941
2,3,2,1,0
2.884212,3,3,2,0.8324
2,2.961706,2,1.661556,1.114716
2.444599,3,1.029798,0,0
2,1.152521,1.723159,1.39016,1.094941
2,1.104642,1,0,0.969097
2,1,1.639807,0.072117,0
2,1.729553,1.400247,0.887923,1.011983
3,3,2.994515,0,0
2.976975,1.346987,1.868349,0.702538,0.879333
2,1.977221,3,1,0
2.766036,2.443812,2.707927,0.702839,0.827439
1.096455,2.491315,2.450069,0,0.726118
2.129969,3,1.568035,0.870127,0
2.019674,2.843319,2.832004,1,0.608607
2.735297,2.157164,1.087166,0.110174,0.003695
3,3,2.503198,0,0
1.588782,2.601675,2.469469,1.736538,1.886855
2,1.171027,2.405172,2.300282,0
2.01054,2.77684,1.651548,0,0.790967
3,3.362758,2,2.892922,1
2,1.672706,2.766674,1,0.027093
2.689577,2.714115,2.279214,0.970661,0.828549
2.413156,2.521546,1.985312,0.00705,0.965464
2.923433,1.338033,1.944095,1.931829,1
3,3,2,2.040816,0.860321
2,3,2.035954,1.210736,0
2.882522,3,2.452986,1,0.746651
2,3,1.622638,0.033745,0.105895
1.973499,1.081805,2,0,0.464022
3,3.087119,2,1.403872,1
2.156065,2.909117,1.221281,0.503279,1.796136
2.992205,3,2.413813,0.458237,0.688293
2.944287,1.466393,2.442775,0.675262,0.779334
1.780746,1.471053,2,0.467562,0.568668
2.164062,2.983201,2.168904,0.752926,0
2,3,2,2.847761,1.413375
2,2.783336,2,2.536615,1.206535
2,1.863012,2.196471,1,0
2.247704,3.053598,1.919629,0.408023,0
2.011656,3.165837,1.844645,0.889963,0.395979
2,3,2,2.270555,1.343044
2,3,2,0.146919,2
2.03414,2.741413,1.996384,1.276552,1.019452
2.746408,1.058123,2.265727,0.885633,0.673408
2,2.997414,1.259454,0.935217,0.9976
2.1239,1.672958,2,1.582428,1.313363
2,1.680838,1.833635,0.281876,0.575848
2.332074,3,2.999495,2.405963,0.441502
2.748243,3.070386,1.962322,1.145752,1
2.303656,3,1.163111,1.926381,1.119877
1.904732,2.608416,1.204175,0,1.895312
1.979944,1.599464,2,0.17048,0.819475
2,2.815255,1.622214,0.463891,1.462664
2,2.395785,1.40077,0.788659,1.544357
2,3,2.056053,0,1
2.407817,2.844138,1.983649,0.868721,0.089354
2.734314,3,3,0.897702,0.908271
2,3,1.199517,0.047738,0.163329
2,3,2.386904,0.926201,1.34403
2.784383,3,2.165605,0.855973,0.839659
2.009952,2.716106,1.660614,1,0.60473
2.008656,1.402771,3,0.112383,0.32803
1.122127,2.865657,2,1.28775,1.944177
1.963965,1.836226,1.85537,0,1.667745
2.319776,2.884848,2.154898,0.325534,0.954216
1.899116,2.375026,1.39854,0,1.365793
2.042762,2.9774,1.522426,0.501417,1.029135
2.129668,2.693646,2.60669,1.170823,0.290898
2.182401,2.832018,2.456939,0.038809,0.524015
2,3,2,1,0
2.802696,3,2.978465,1.974656,0.936925
2,3,2,0.527341,2
2.492758,2.270163,1.992586,1.452467,0.864583
2.733129,3,1.302594,0,1.103349
2,2.646717,2,2.627515,1.358812
2,1,1.278578,0.02112,0
2,1.193729,1.846441,0.546402,0.235711
2,1.477581,1.995035,0.324676,0.51743
2.294067,3.209508,2,1.103088,1.261043
2,2.756622,1.606076,0.432973,1.749586
2.315932,2.658478,1.568476,0.949976,0.544899
3,3,2.166024,0,0
2.802128,3,1.744628,0,0.721167
2.79606,1.971472,1.921601,0.935217,0.704637
2.086898,1.818026,2.088929,0.305422,1.040787
2.333503,1.820779,2.559265,1.327193,0.481357
2,1.724887,3,1,0
3,3.129155,2,1.634134,1
3,3.856434,2,1.32417,1
1.653081,2.753418,2.192063,1.474937,0.518542
2.535315,3,1.146595,0.31381,0
2,3,2.976229,1,0.121992
2.765769,3,2.845134,1,0.42683
2.215464,2.116195,1.80996,1.910577,0.971746
3,2.049908,1.999882,1.637368,0.10724
2,3,3,1.04729,0.933802
2,1.044628,2.01051,2.805801,0
2.63165,2.98212,2.778587,2.667739,0.905181
2,1.009426,2.136398,1.060349,0
2.942154,2.667711,2.184768,1.524405,0.805008
3,3.000974,2,2.274248,1
2,2.698883,2.035104,0.598438,0.017016
2.716909,2.598079,2.90545,1.600431,0.176892
1.83746,3,2,1.194519,1.212762
1.936479,2.837388,2.159987,1.475772,0.646514
2.045027,2.946063,1.307563,1.442485,0.934493
2.760607,1,1.336378,1.898889,0.487375
2.09449,1.873484,2,2.079709,0.880414
2,2.473911,2.452789,0.932792,0
2.907062,3,2.740848,1.219827,0.037634
2,1.79558,1.855054,1.083572,0.218574
2.399531,2.623079,2.535127,1.030752,0.606264
1.521604,2.174968,2,0,0.632467
2,2.676148,2.083939,0.632164,0.993786
2.501683,3.394788,1.337378,0.932888,1
2,3,1.992548,0.039207,1.528714
2.76802,2.137068,1.873591,0.966973,0.691944
2.742796,2.937607,1.99467,1,0.023564
2.325623,1.313403,1.94609,0.604259,0
2.076689,3,1.026729,0.647798,0
3,3,3,2,2
2,3,2,2,1
2,1,2,0,0
3,1,2,0,0
1,1,2,0,2
2,3,2,0,1
2,3,3,0,1
2,3,2,0,1
2,3,2,0,0
2,3,3,3,2
3,1,3,2,1
3,3,1,3,2
3,3,1,2,0
2,3,3,0,0
2,3,1,1,1
3,3,1,0,0
3,1,2,2,0
2,3,2,0,0
2,3,3,1,0
2,3,3,3,2
3,1,3,3,1
3,3,3,3,0
3,1,3,1,2
2,3,1,0,0
2,3,3,1,0
2,1,2,1,0
2,3,2,2,0
2,1,2,0,0
2,3,3,1,2
1,3,1,0,1
2,3,3,0,1
2,3,1,0,0
2,1,2,1,2
3,3,1,0,1
3,3,2,1,0
2,3,3,1,1
2,1,2,2,0
2,3,2,0,1
2,3,1,0,0
2,3,3,1,0
2,1,2,1,2
3,3,2,2,0
1,3,1,0,0
2,3,1,1,0
2,1,2,0,2
2,3,2,1,0
2,3,3,3,0
3,3,2.045069,1.725931,1.619596
3,3,2.509147,2,1.564796
2.271306,3,1.771198,2,0.413752
2.33361,2.113575,2.504136,2.998981,1
2.13683,2.092179,1.505381,0,0
2,1,2,0,0
2.909853,1,2,1.308852,0
2.490507,2.974204,1.846754,0,0
1.063449,1,2,0,1.482016
2.699282,1,2.598632,0.292093,2
2,3,2.843675,1.309304,1.338655
2.4277,1.001633,3,1.172641,1
2.87599,1.2919,2.777712,0.432813,1
2.177243,3,2.715572,2.230109,0.070897
2,3,1.630528,0,0
2,3,2.287248,2.669179,1.237867
2,3,3,3,2
3,1,3,1.280924,1.77795
3,3,1,1.02975,1.350099
3,3,1.776991,1.757724,0
2,3,1.406115,0,0
2,3,1.530493,0.967627,1
2.846452,1.139317,1.459511,1.71807,0
2.19011,2.029858,2.348981,1.946907,0
2,3,2,0,0.105936
2,3,2.680292,1.549693,0.522259
2,3,3,3,2
2,2.977543,2.205977,2.698874,2
2.069267,1.476204,3,2.05252,0.092736
1.362441,2.57038,2.166228,2.232851,1.281141
2.09663,2.879541,2.432967,1.887012,0
2.928234,1.458507,2.777379,0.354541,1.707018
2,1.105617,1.372811,1.629432,0
2,3,1,0,0
2,3,3,0.669278,0.505266
2,1,2,0.827502,0
2,3,1.689793,1.464204,0
2,3,2.771469,2.359339,1.206251
2,1,2,0.026142,0
2,3,1.155384,0.003938,0.526999
2,1.854536,2.160169,1,2
2.496455,3,1.850344,1.066101,0.732265
1.70825,3,1,0.899864,1
2.262171,3,2.03415,0.317363,0.508663
2.740633,3,2.081005,0.650235,0.76906
2,3,1.608128,0.478134,0
2,3,2.715252,0,0.621605
2,1.08687,2.279124,1,1.609773
2,1.25535,2.497065,1,1.441605
1.081585,2.870661,1.11756,0,1.616826
2.587789,1.482103,1.911664,0,0.128681
2.252653,3,2.962371,1,0
2,3,3,0.732186,1
2,3,3,0.975187,1
2.036613,1.81698,1.93059,1.851404,0
2,2.582591,1.535134,1.88452,0
2,3,2,0,0.233314
2,3,2.102976,0,0
2,3,2.091934,0,0
2,2.164839,2.094479,1,0.676557
2,2.141839,2.939847,1,0.103056
2,2.877583,2.358038,0.877295,1.817146
2.609123,3,1.955053,1.186013,0
1.036159,3,1,0.344013,0.329367
1.851262,3,2.11267,0.388269,0
2,3,1.051735,1,0
2,2.95833,2,0,1.595306
2,2.119826,2,0,1.882539
2.501236,3,1.220331,0.245003,0.537202
2,3,3,1.783858,0
3,3,2.925029,2,1.758865
3,3,2.858171,1.813318,0.680215
2.031185,2.992606,2.852254,2.00123,0.36037
2.014194,2.050121,2.184707,2.000561,0.853891
2.028225,1.923607,1.798917,0,0
2,1,2,0.005405,0
2.81646,2.27374,1.722063,0,0
2.037585,1.418985,1.827351,0,0
1.853314,1.320768,2.135552,0.248034,1.727828
1.00876,1,2,0,0.585912
2,3,1.490613,0.654316,1
2,3,2.02127,1.814869,1.066603
2.103335,2.964024,3,0.632947,1
2,3,3,0.603638,0.969085
2.060922,2.933409,2.235282,0.380633,0.0026
2.058687,2.962004,2.010596,0.851059,0.630866
2,3,1.274774,0,0
2.533605,1.271624,1.893691,1.296535,0
2,3,3,3,2
2,3,3,3,2
2.457547,1.00061,3,1.361533,1
2.983851,1.068443,2.854161,1.103209,1
2.954996,3,1,2.091862,1.06053
2.061969,3,1.229171,2.392047,1.256119
3,3,1.163264,1.866023,1.604608
3,3,1.271178,1.944728,0
2,3,2.117346,0,0
2,3,2.952506,0,0
2,3,1.746197,0.455216,0.335158
2,3,1.249307,0.973465,1
2.450784,2.952821,1.335192,0.180276,0
2.972426,3,1.636326,0,0
2.467002,1.851088,2.104054,1.991565,0
2.934671,2.119682,2.041462,0.578074,0
2,2.970675,2,0,0.169294
2,2.966803,2,0,1.281541
2.903545,1.508685,2.450069,1.45473,0
2.043359,2.209314,2.785804,1.259613,0.669616
2,3,2.973729,2.491642,1.36595
2,3,2.988771,2.429923,1.978043
2.787589,1.114564,3,2.710338,0.572185
2.39728,2.036794,2.659419,1.062011,1.771135
2.150054,2.988539,2.768325,2.08515,0
2.977585,1.630506,2.839319,1.091474,0.889517
2.274491,1,2.2695,0.946461,1.73107
1.557287,1,2.371015,0.288032,2
2.152264,2.977999,1.513199,0,0
2,3,1.326165,0,0
2.08841,2.644692,2.773236,1.252472,0
2.180047,2.733077,2.77962,1.454129,0
2,1,2,0.876101,0
2,1,2,0.852446,0
2,3,2,0.067491,0.894105
2,3,2,1.579431,0.839862
1.826885,1,2,0,0.459274
1.754401,1,2,0,0.301909
2,2.427137,2.574073,1,2
2,3,3,0.788585,1.220029
1.524428,3,1.383831,0.130417,1
1.164062,3,1.157395,0,0.320851
2.123159,3,2.415343,0.295178,0.569852
2,3,2.745242,0,0.80898
2.259679,3,1.026143,0.268801,0.077818
2.044326,3,2.35818,0.349371,0
2,1.867836,2.438398,1,0.802305
2,1.548407,2.191401,1,1.676944
2.843456,2.937989,1.001995,0,1.554404
2.864776,3,1.876915,0.631565,0.186414
2.871137,3,2.627569,1,0
2.282803,3,2.104264,1,0
2,3,3,1,1.014808
2,3,3,0.767013,1
2.020502,1.237454,1.93142,1.967973,0
2.020785,1.169173,1.972551,1.903338,0
2,2.391753,2,0,1.119877
2,3,2,1.73209,0.048617
2,3,1.084442,0,0
2,3,1,0,0
2,2.475444,2.655795,1,0.169879
2,2.478794,2.967064,1,0.4346
2.407817,2.070033,1.796257,1.234483,0.178708
2.21498,2.282392,1.179942,1.771754,0.537659
2.737149,3,1.997195,1.352663,0.468483
1.899793,3,1.439962,0.9529,0.838847
2.274164,1.049534,1.358172,1.482411,0
1.897796,3,1.193039,0.011519,0
2.85916,3,1,1.020525,0.786066
2,3,1.039313,1,0
2,1.66338,2,0,1.865851
2,1.672751,2,0,1.946173
2.340405,3,1.655245,1.006884,0.548539
2.921576,3,1.003636,1.000227,0.905596
2,3,2.793505,2.21939,0.202902
2,3,2.401315,2.891986,0
3,3,2.110611,1.890907,1.58483
3,3,2.480277,1.796779,1.596562
3,3,2.224914,1.781589,1.59405
2.92711,3,2.151496,1.166064,1.509831
2.805533,3,1.882847,2,0.70778
2.902469,1.734762,2.600238,2.113992,0.584755
2.845961,1.92822,2.642273,2.999918,1
2.252698,2.475228,2.923856,2.165429,0.616045
2.02091,2.093831,1.506518,0,0
2.108163,1.231915,1.808127,0,0
1.518966,1,2,0,1.094046
2.260543,1.374791,1.947935,0,0.078607
2.522183,1.326982,1.872673,1.048507,0
2.186322,2.900915,2.471033,0.256113,0
2.76632,1.317884,1.889341,0.990642,0
2.071622,2.977909,1.468297,0,0
1.918251,1.355752,1.998108,0,1.382906
1.967061,1,2.548651,0.249264,1.516731
2.964419,1,2.977516,0.742113,2
2.640801,1.015488,2.022355,0.244749,0.289218
2,2.986172,2.364208,2.492402,1.632506
2,2.993623,2.326635,2.236586,1.529423
2.870152,1.001383,3,1.322558,1
2.482575,1.001542,3,1.751656,1
2.290095,2.590283,2.506296,0.312254,1
2.074843,1.773916,2.428271,0.035091,1
2.14128,2.989112,2.519841,2.11137,0.013483
2.334474,1.496776,2.776724,0.782416,0.167728
2,3,1.186996,0,0
2,2.994046,1.603549,1.335857,0
2,3,2.133469,1.030199,1.082838
2,3,2.183149,1.932386,0.212767
2,3,3,3,2
2,3,3,3,2
2.693859,1.000283,3,1.201403,1.612432
2.607747,1.000414,3,1.269169,1.460564
2.66889,3,1.172593,0.886448,1.252677
3,3,1,0.215187,1.195929
3,3,1.911379,1.911096,1.032392
2.921225,3,2.869439,0.181753,0.133523
2,3,1.572371,0,0
2,3,1.440629,0,0
1.492834,3,1.005367,0.922739,0.733221
1.220024,3,1.046254,0.520989,0.61599
2.667676,1.135278,1.399629,1.648883,0
2.569075,2.463113,1.567366,0.359134,0
2.949242,1.782109,2.210997,1.992719,0
2.104772,2.376374,2.218691,1.52184,0
2,2.976098,2,0,1.39322
2,2.968098,2,0,1.292476
2.871768,1.792695,2.691322,2.545707,0.903903
2.540949,1.116401,2.929123,2.787319,0.732881
2,3,2.530301,2.89118,1.287117
2,3,3,3,2
2,2.984523,2.263551,2.819661,2
2,2.978103,2.668261,2.462269,1.402414
2.222282,1.578751,2.791604,2.352091,0.317846
2.04516,1.874532,2.856521,2.005286,0.105408
2.094184,2.735706,2.257922,2.230547,0.195339
1.123672,1.014916,2.042078,1.846666,1.426103
2.049112,2.622055,2.280555,2.052896,0.896185
1.880534,2.806566,2.313245,2.146778,0.196084
1.203754,1.355354,2.765593,0.128342,1.659476
2.73691,1.478334,2.677409,0.065264,0.40699
2.736628,1.130751,1.385175,1.666965,0
2,1.099151,1.687611,1.874662,0
2,3,1,0,0
2,3,1.095134,0,0
2,3,3,0.413643,0.920858
2,3,3,0.884935,0.12228
2,1,2,0.057758,0
2,1,2,0.389717,0
2,3,1.618189,0.571648,0
2.121909,3,2.500556,1.20758,0
2,3,2.714091,2.64102,1.224737
2,3,2.697661,2.614909,1.229474
2,1,2,0.402614,0
2,1,2,0.011477,0
2,3,2.290368,0.001086,0.544128
2,3,1.025275,0.00203,0.175587
2,2.358455,2.515765,0.98232,1.157466
2,1.706551,2.039514,1,2
2.642744,3,1.904054,1.645654,0.363549
2.387426,3,1.77962,0.743005,0.920162
1.996638,3,1.033199,0.584793,0.518297
2.107854,3,1.383894,1.030526,0.831412
2.253707,3,2.524432,0.58216,0.175694
2.393837,3,2.01499,0.978815,0.41322
2.348745,3,2.096751,0.544564,0.67688
2.312825,3,2.073497,0.614466,0.579541
2,3,1.234943,0.008368,0
2,3,1.613829,1.251665,0
2.490776,3,2.654517,0.112454,0.756339
2.078082,3,2.895614,0.06275,0.261793
2,1.24884,2.416213,1,1.546738
2,1.250548,2.121176,1,0.741069
2,1.202179,2.36293,1,1.47574
2,1.194815,2.434832,1,1.541455
2.805512,2.880817,1.001307,0,1.376597
1.276858,2.918124,1.403784,0.552511,1.560402
2.396265,1.073421,1.979833,0.022598,0.061282
2.663866,1.416309,2.379275,0.256323,0.598244
2.685484,3,2.649459,1,0
2.055209,3,2.885852,0.903369,0.14451
2,2.18162,2.325091,0.891444,1.223661
2,2.152733,2.53369,0.917563,1.285838
2,3,3,0.743593,1
2,3,3,0.987591,1.914531
2.025479,1.046144,1.941224,1.983265,0
2.002564,1.974233,1.935398,1.649299,0
2,2.880794,1.61837,0.120165,0
2,2.765213,1.551266,1.350001,0
2,2.967089,2,0,0.467048
2,3,2,0,0.931721
2,3,1.440526,0,0
2,3,1.759803,0,0
2,3,2.090413,0,0
2,3,2.806922,0,0
2,2.37985,2.616138,1,0.652485
2,2.655265,2.297896,1,0.552665
2,1.941307,2.708168,1,1.425852
2,1.709546,2.530157,1,0.6454
2.385502,2.883984,2.140544,1.144876,1.767468
2.465575,2.935381,2.480555,1.00183,1.670313
2.818502,3,1.991251,1.492967,0
2.081238,3,1.18363,1.17177,0
1.368978,3,1.953152,0.104707,0.22183
1.712848,3,1.162153,0.458981,0.885532
1.3307,3,1.880967,0.322013,0
1.961069,3,2.652327,0.56931,0.319008
2.976509,3,1.022705,1.02569,0.313016
2.319648,3,1.107164,0.692123,0.30402
2,2.961192,2.623344,0.981686,1.35537
2,2.973476,2,0,1.331527
2,2.392811,2,0,1.80931
2,1.293342,2,0,1.917679
1.261288,2.930044,1.166655,0.133398,0.95174
2.76533,3,1.048584,0.192559,0.720411
2,3,3,2.2405,0
2,3,2.15157,1.605983,0
1,3,2,0,0
3,4,1,2,0
2,3,1,1,0
2,3,2,0,0
2,3,2,0,1
3,3,3,2,0
3,3,3,0,2
2,3,2,2,1
2,1,1,1,0
3,1,1,0,0
3,1,1,0,2
2.317734,3,2.152736,0,1.108145
1.588114,3,2.115967,1.541072,0
2.549782,3.985442,1,1.976582,0
2.795086,2.129909,1,1.989316,0
2.206276,3,1.813082,1.94984,0
2,3,1.984323,0.793262,0
2.18354,3,2.277937,0.68183,0
2.962415,3,2.172649,1.097905,0
2.442536,3,2.174371,0,1.928972
1.99124,3,2,0,0.292956
3,3,3,0.691369,1.415536
2.408561,3,2.851904,1.320065,0
2.758394,3,2.174248,1.079524,1.358163
2.956297,3,1.2751,0.901924,1.875023
1.369529,3,2,1.596576,0.0026
1.392665,3,2,1.097983,0.630866
2,2.831771,1.725226,0.356288,0
2.630401,1,1,0.245354,0.315261
3,2.595126,2.054072,0.835271,0
3,2.52751,1.645338,1.025438,0
3,2.120936,1,1.543386,0.890213
2.869778,1.468948,1.656082,0,1.444033
1.868212,3,2.023328,0,0.613992
1.108663,3,2,1.230219,0.001716
2.907744,3.990925,1,1.99975,0
2.95801,2.834253,1,1.999886,0
2.197261,3,1.11184,0.906843,0.976473
2.048962,3,2.822871,1.066169,0
2.139196,3,2.04843,0.368026,0.360986
2.72989,3,2.030084,0.592607,0.754417
2,3,2,1.399183,1
1.994679,3,2,0.966617,0.739006
2.403421,3,2.490613,2,0.707768
3,3,3,1.110215,0.396352
2.758394,3,2.161303,0.428173,0.716327
2.964319,3,2.377257,0.614959,1.875023
1.617093,3,2,1.818052,0.631825
1.631144,3,2,1.593183,0.86374
2.317459,3.734323,1,1.628637,0
2.501224,2.049565,1,1.746583,0
3,2.272214,1.555534,0.348839,0
3,2.218285,1.340117,0.428259,0
3,1.418833,1,1.19102,1.384186
2.983042,1.109956,1.430444,0,1.690901
2.323351,3,2.165048,0,1.493716
1.428289,3,2.117733,0.485322,0.696948
1.992889,3,2.141271,1.121038,0
1.562804,3,2.075493,1.553734,0.000436
1.794825,3.914454,1.972016,0.668963,0
2.305349,3.169089,1.02161,0.908981,0
2.576449,2.419656,1,1.982379,0
2.754645,2.175432,1.541733,0.358709,1.0739
2.633855,3,1.619305,1.847802,0.424612
2.200588,3,1.295697,1.058378,0
2.499108,3,2.040952,0.838739,0.489854
2.05687,3,2.358088,0.093418,1.759954
2.247795,3,2.816015,0.712726,0
2.239634,3,2.684264,0.979306,0
2.09283,3,2.077704,0.598655,0
2.9673,3,2.530035,1.045107,0.947866
2.225731,3,2.154326,1.266866,0.390178
2.178308,3,2.165804,1.420675,1.875683
2.065752,3,2.078297,0,0.677354
2.263245,3,2.092509,0,1.836853
2.443538,3,2.939492,1.208142,0.738935
2.744994,3,2.478838,0.684487,0.677909
2.630137,2.806298,1.970508,1.304291,0
2.113843,3,2.316069,1.804157,0.357314
2.821727,3,2.173279,1.096556,0.232858
2.312528,3,2.208068,1.07672,1.035711
2.938801,3,1.478994,0.946763,1.360463
2.050619,3,1.515183,0.849811,0.261901
1.457758,3,2.020249,1.556709,0.00133
2.19331,3,2.089983,1.360994,0.857438
2.028571,3,2.530428,1.31257,0.066805
1.455602,3,2.363307,1.144683,0.101026
2.177896,2.987652,1.745095,0.656548,0
2.252382,2.842848,1.879381,0.919388,0
2.668949,1.134321,1.279443,0.11243,1.135503
2.723953,1.924168,1,1.622055,0.069367
3,2.701689,2.738485,0.992253,0
2.736298,2.992903,2.045561,0.854957,0.428452
2.722161,2.658837,2.375707,1.299469,0
2.971574,2.80742,1.962646,1.583832,0.504816
2.871016,1.834472,1.016585,0.236168,0.974939
2.96405,2.123138,1,1.699181,0.620465
2.653721,1.265463,1.368457,0.218356,0.768071
2.859097,1.340361,1.530508,0.174475,1.261705
1.572036,3,2.003563,0,0.340196
1.387489,3,2.017712,0,0.731257
2.941929,3.989492,1.014135,1.958694,0.687342
2.973569,2.650088,1.003063,1.981154,0.157007
2.041376,3,1.120213,1.05545,0
2.02472,3,1.800335,1.196368,0
2.133964,3,2.008361,0.202029,0.200516
2.702457,3,2.005194,0.325313,0.419055
1.760038,3,2.003531,1.089061,0.072264
1.996646,3,2,1.600536,0.739684
2.644094,3,2.740525,2,0.500936
2.475892,3,2.949356,1.866839,0.100048
2.941627,3,2.318134,0.582686,1.588046
2.998441,3,2.462916,0.554646,1.99219
2.397284,2.89292,1.983973,1.859667,0.0026
2.382705,2.938902,1.999278,1.686229,0.630866
2.176317,2.986637,1.015672,0.94141,0
2,2.701521,1.142644,0.514225,0
3,2.014671,1.292786,0.145687,0
3,1.971659,1.179254,0.178856,0
2.877743,1.311797,1.000463,0.182249,1.4312
3,1.262831,1,0.883171,1.382995
2.303041,3,2.065817,0,0.725222
2.323003,3,2.155558,0,1.251554
1.99953,3,2.111908,1.453042,0.849503
1.585183,3,2.101841,1.543961,0.000073
2.281963,3.770379,1,1.330519,0
2.561638,2.87747,1,1.980401,0
2.600217,2.175153,1,1.985536,0
2.79166,2.13229,1.254589,0.652736,1.040713
2.08868,3,1.520215,1.857351,0
2.206119,3,1.483856,1.113169,0
2.328469,3,2.001208,0.800487,0.176678
2.002784,3,2.292906,1.034031,0
1.975675,3,2.357969,0.704236,0.010721
2.002076,3,2.338373,0.897562,0.081156
2.218599,3,2.104337,0.766007,0.262118
2.9673,3,2.530035,0.955317,1.339232
2.392179,3,2.16467,1.079934,1.073026
2.381164,3,2.170225,1.211048,1.89933
2.008245,3,2.040137,0,0.474216
2.155182,3,2.049079,0,1.74992
2.969233,3,2.807984,0.982134,1.191998
2.765063,3,2.867206,0.706777,0.677909
2.630137,3,2.960088,1.356468,0
2.195964,3,2.514872,1.664722,0.127673
2.619987,3,2.194746,1.076926,1.090995
2.918113,3,2.240463,1.076248,1.480875
2.889485,3,1.279771,0.941424,0.008343
2.939727,3,1.344122,0.923428,1.432336
1.264234,3,2,1.333435,0.002168
1.517912,3,2.038958,1.590255,0.00164
2.23372,2.993634,2.028368,0.863158,0.449886
1.475906,2.999346,2.01943,1.046878,0.460866
2.032883,2.976211,1.726109,0.477855,0
2.046651,2.842035,1.732072,0.584272,0
2.667229,1.09749,1.225958,0.206954,1.003011
2.819934,1.91863,1,1.39302,0.553311
3,2.510135,1.693362,0.769709,0
2.954417,2.65772,2.104696,0.870056,0
2.826251,2.604998,1.842173,1.284798,0
3,2.567567,2.011023,0.916478,0
2.95841,2.434347,1,1.930033,0.754023
2.935157,1.845858,1,1.089891,0.715993
2.870895,1.627555,1.375728,0.210181,1.163117
2.869833,1.569176,1.533682,0.167943,1.368262
1.878251,3,2.022933,0,0.325445
1.750809,3,2.002871,0,0.114457
1.168856,3,2.013205,1.246223,0.00159
1.443674,3,2.002194,1.386151,0.001337
2.826036,2.371658,1,1.996487,0
2.9553,2.378211,1,1.738267,0.394533
2.774562,2.301129,1,1.621733,0.138314
2.772027,2.454432,1,0.858554,0.051268
2.499626,3,1.125338,0.94522,1.022505
2.108638,3,1.014876,0.987521,0.047473
2.467548,3,2.66029,0.994422,0.310394
2.585942,3,2.302506,0.597863,0.111925
2.14961,3,2.133876,0.393452,0.345887
2.938616,3,2.06039,0.371508,1.333559
2.535154,2.915921,1.8924,0.693732,0.06741
2.611222,2.992083,1.796376,0.641954,0.20281
1.800122,3,2,1.689525,0.764452
1.482722,3,2,1.112504,0.690353
1.735664,3,2.041536,1.392406,0.39174
1.655684,3,2,0.976425,0.690082
2.598207,2.849347,2.006167,1.52001,0.295685
2.225149,3,2.357978,1.943743,0.682128
3,3,3,1.685369,0.264969
3,3,3,1.467863,0.343635
2.519592,3,2.229145,0.350717,1.140348
2.111887,3,2.357373,0.425621,1.416353
2.970983,3,2.828861,0.454944,1.915818
2.907542,3,2.284494,0.647632,1.668318
1.451337,3,2,1.384607,0.631217
1.537505,3,2,1.631912,0.631422
1.893428,3,2,1.917383,0.93648
2.007845,2.954446,1.968796,1.587406,0.838947
2.487781,3.755976,1,1.860765,0
2.541785,2.902639,1,1.668961,0
2.813775,2.372705,1,1.979355,0
2.562687,2.100918,1.458545,1.167856,0.412329
3,2.272801,1.560064,0.79677,0
2.922511,2.692889,1.809531,0.478595,0
3,2.280545,1.591597,0.932783,0
2.836055,2.675411,1.711666,0.93732,0
2.880759,1.487674,1.01378,1.00109,1.09838
3,1.02075,1,0.233056,1.707421
2.766441,1.240424,1.413218,0.165269,0.862587
2.997524,1.154318,1.238057,1.1293,1.665621
2.320201,3,2.164784,0,1.465479
2.181057,3,2.08554,0,1.439004
1.924632,3,2.006595,0.1768,0.511694
1.397468,3,2.01897,0.665439,0.062167
2.191429,3,2.102709,1.32534,0.380979
2.100177,3,2.099687,1.281165,0.247332
2.075321,3,2.144838,1.501754,0.276319
1.626369,3,2.109697,1.352973,0.076693
1.263216,3.219347,1.981782,0.482625,0
1.067909,3.656401,1.98459,0.054238,0
2.310751,3.220181,1.006643,1.15804,0
2.294259,2.850948,1.87029,0.917014,0
2.57649,2.187145,1.38107,1.928275,0.413663
2.679664,2.415522,1,1.987296,0
2.938687,2.138375,1.251715,1.181811,0.778375
2.654792,1.077331,1.345407,0.327418,0.386861
2.731368,3,1.486824,1.485978,1.150439
2.22259,3,1.591909,1.392026,0.917727
2.432355,3,1.336526,1.63812,0.090341
2.497548,3,1.362583,1.144076,0.173232
2.671238,3,2.145368,0.882709,0.593917
2.57691,3,2.080187,1.04268,0.376683
2.341999,3,2.299878,0.565242,0.921991
2.117121,3,2.193008,0.992829,1.556052
2.247037,3,2.718408,0.763595,0
2.244654,3,2.795752,0.839481,0
2.128574,3,2.531984,1.003294,0.026575
2.068834,3,2.543841,1.217993,0.038253
2.073224,3,2.024035,0.131371,0
2.145114,2.888193,2.038128,0.852344,0
2.997951,3,2.715856,0.739881,0.972054
2.911312,3,2.501808,0.94676,0.785701
2.159033,3,2.116399,1.331526,0.052942
2.175276,3,2.128176,1.306476,0.079334
2.21965,3,2.165408,1.315045,0.688985
2.203962,3,2.15687,1.289421,1.220767
1.947495,3,2.042073,0,0.618087
2.262292,3,2.115354,0,0.847587
2.219186,3,2.092326,0.545919,1.74288
2.314175,3,2.151809,0,1.578517
2.423291,3,2.902682,1.243567,0.555591
2.637202,3,2.966647,1.159598,0.758897
2.974006,3,2.565828,0.690269,1.339691
2.347942,3,2.730663,0.689371,0.188693
2.654076,2.574108,1.78471,1.170537,0
2.739,2.740492,1.824561,1.094839,0
2.591292,2.956422,2.31083,1.48524,0.281815
2.611847,2.749334,2.364849,1.141708,0.063005
2.766612,3,2.173417,1.089344,1.198439
2.777165,3,2.106861,0.925941,0.2916
2.232836,3,2.146398,0.886817,0.47787
2.571274,3,2.224164,1.018158,1.152899
2.49619,3,1.662117,0.992371,0.217632
2.151335,3,1.491169,0.883542,0.527766
2.01695,3,1.83412,0.797209,0.185499
2.927187,3,1.508796,0.902776,1.015467
1.412566,3,2.002495,1.592795,0.001867
1.289315,3,2.007348,1.376217,0.001518
1.624366,3,2.081719,1.538922,0.356868
1.528331,3,2.079353,1.522429,0.228598
2.037042,3,2.43699,1.016254,0.020044
2.191108,2.993856,2.444917,1.055854,0.145284
1.431346,3,2.098959,1.110868,0.196952
1.84199,3,2.503244,1.226019,0.078207
2.13683,2.993084,1.885926,0.615298,0
2.499388,2.989791,1.959777,0.6081,0.64676
2.230742,2.920373,1.831187,0.756277,0
2.240757,2.911568,1.895876,0.822186,0
2.996186,1.134042,1.270166,0.073065,1.551934
2.649406,1.120102,1.153286,0.216908,0.619012
2.525884,2.040582,1,1.67036,0.023959
2.736647,2.015675,1,1.977918,0.056351
2.684335,2.711238,2.732331,1.156024,0.442456
3,2.695396,2.628816,0.975384,0
2.425503,2.996834,2.017602,1.580263,0.531769
1.469384,2.996444,2.067741,1.082236,0.150544
2.906269,2.894142,2.435489,1.266739,0.36216
2.808027,2.683061,2.640483,1.280191,0
2.636719,2.806341,1.967591,1.525384,0.315595
2.996717,2.791366,2.626309,1.194898,0.034897
2.880483,1.703299,1.006378,1.076729,1.058007
2.885693,1.685134,1.011849,0.503105,1.217929
2.913452,2.269799,1,1.889937,0.378818
2.919526,2.142328,1.175714,0.958555,0.636289
2.724121,1.437959,1.590418,0.029603,1.122118
2.801992,1.343117,1.128942,0.233987,0.81998
2.748971,1.213431,1.448875,0.128548,1.239038
2.680375,1.089048,1.366238,0.181324,1.041677
3,3,1,0,1
3,3,2,2,1
3,3,3,0,0
3,3,1.152736,0.319156,1
3,3,1.115967,1.541072,1
3,3,2.704507,0,0.29499
3,3,2.184707,1.978631,0.838957
3,3,2.406541,0.10032,0.479221
3,3,2.984323,1.586525,0.62535
3,3,2.444125,0,0.26579
3,3,2.654702,0,0.555468
3,3,2.825629,1.399183,0.928972
3,3,1.023328,0.05093,1
3,3,1.197667,0,0.534769
3,3,2.838893,1.990317,0.735868
3,3,2.181811,1.995582,0.939665
3,3,2.774014,0,0.138418
3,3,1.031354,0,0.37465
3,3,1.66616,0.210351,0.73421
3,3,1.471664,0.143955,0.444532
3,3,1.347559,0.462951,0.31794
3,3,1.338241,1.92628,0.886135
3,3,2.679137,0,0.479348
3,3,2.578292,0,0.492394
3,3,1.302193,1.742453,0.94232
3,3,2.408442,0.194056,0.803141
3,3,1.705218,0.390937,0.998646
3,3,2.374958,0.750111,0.671458
3,3,2.869234,1.465931,0.627886
3,3,2.987406,0.38926,0.526776
3,3,2.737091,0,0.037078
3,3,2.623489,0,0.138563
3,3,2.612758,0.24629,0.802136
3,3,2.687378,0,0.410651
3,3,1.852692,1.46361,0.962336
3,3,2.86559,0.973864,0.58345
3,3,1.003563,0.008127,1
3,3,1.077253,0.162083,0.824607
3,3,2.714949,1.999773,0.813784
3,3,2.154949,1.999897,0.957463
3,3,2.893117,0,0.01931
3,3,2.70914,0,0.110518
3,3,1.570188,0.210351,0.881848
3,3,1.412049,0.143955,0.753077
3,3,1.15635,0.786828,0.366385
3,3,1.154698,1.71836,0.959218
3,3,2.691584,0,0.425473
3,3,2.709654,0,0.25115
3,3,1.485736,1.950374,0.869238
3,3,2.874336,1.624981,0.825609
3,3,2.641489,0.481555,0.735201
3,3,2.417122,0.952725,0.573958
3,3,2.900857,1.508897,0.625371
3,3,2.95311,1.445148,0.67321
3,3,2.617988,0,0.156187
3,3,2.55057,0,0.20482
3,3,2.653531,0.190061,0.692343
3,3,1.698767,0,0.54396
3,3,2.84837,1.206059,0.766668
3,3,2.835622,1.419473,0.816986
3,3,1.050564,0.026033,0.539074
3,3,1.068493,0.112122,1
3,3,2.613928,0,0.553093
3,3,1.239833,0.162279,0.619235
3,3,2.861533,1.70464,0.655571
3,3,2.832659,1.505775,0.923005
3,3,2.418488,1.99507,0.893514
3,3,2.304716,0.82666,0.914492
3,3,2.763005,0,0.101867
3,3,2.652616,0,0.250502
3,3,2.553198,0,0.393838
3,3,2.180566,0,0.519905
3,3,2.20979,0.114698,0.604422
3,3,1.444379,0.224482,0.912187
3,3,1.604075,0.029728,0.200122
3,3,1.528258,0.01586,0.436068
3,3,1.228838,0.792553,0.639561
3,3,1.615548,1.376534,0.926052
3,3,1.94595,1.493018,0.906611
3,3,1.709556,1.592494,0.925843
3,3,2.507461,0,0.368472
3,3,2.644135,0,0.357581
3,3,2.605685,0,0.199227
3,3,2.217348,0.001015,0.481031
3,3,1.657541,1.672639,0.629285
3,3,1.817899,1.577824,0.930836
3,3,2.509535,0.334264,0.668172
3,3,2.578038,0.165422,0.463196
3,3,2.501638,1.546179,0.66488
3,3,2.250711,0.64235,0.685129
3,3,2.36651,1.247505,0.723366
3,3,2.309409,1.68291,0.70558
3,3,2.436261,1.464674,0.87092
3,3,2.833566,1.413239,0.862724
3,3,2.724099,0.336795,0.153462
3,3,2.989389,0.36009,0.169016
3,3,2.55975,0,0.237307
3,3,2.635454,0,0.088309
3,3,2.625537,0,0.162494
3,3,2.884077,0,0.096576
3,3,1.919473,0.027101,0.546137
3,3,2.310076,0.07115,0.733085
3,3,2.686824,0,0.540812
3,3,1.6213,0.090917,0.438216
3,3,1.517215,1.486289,0.937492
3,3,1.796956,1.684582,0.887388
3,3,2.085553,1.271651,0.587932
3,3,2.837797,1.343875,0.803156
3,3,1.000544,0.001297,1
3,3,1.005864,0.02006,0.695838
3,3,2.319559,1.97073,0.768375
3,3,2.069257,1.986646,0.947091
3,3,2.956548,0,0.010056
3,3,2.777557,0,0.051858
3,3,1.295436,0.282063,0.929356
3,3,1.241378,0.259427,0.852362
3,3,1.313834,0.912334,0.707494
3,3,1.124366,0.877067,0.552006
3,3,2.673754,0,0.33929
3,3,2.70485,0,0.243338
3,3,1.607531,1.963379,0.858392
3,3,2.748909,1.989171,0.832515
3,3,2.351207,0.246831,0.91336
3,3,2.404049,0.427905,0.639894
3,3,2.923792,1.536555,0.62535
3,3,2.955075,1.46046,0.655558
3,3,2.554007,0,0.252635
3,3,2.511399,0,0.258472
3,3,2.653563,0,0.55415
3,3,2.588107,0,0.465607
3,3,2.32502,1.441791,0.918468
3,3,2.836791,1.46782,0.890527
3,3,1.019684,0.026033,1
3,3,1.032834,0.04525,0.922749
3,3,1.653049,0.139159,0.711331
3,3,1.204055,0.094851,0.603736
3,3,2.691591,1.168368,0.735372
3,3,2.531456,1.980738,0.835771
3,3,2.226081,1.881761,0.933964
3,3,2.164718,1.999631,0.941336
3,3,2.770732,0,0.125235
3,3,2.814517,0,0.101598
3,3,1.626467,0.010183,0.412806
3,3,1.48075,0.098043,0.663492
3,3,1.526416,0.180158,0.747909
3,3,1.482002,0.204108,0.657221
3,3,1.610472,0.029728,0.472343
3,3,1.530992,0.01586,0.445495
3,3,1.484938,0.74225,0.604692
3,3,1.91039,0.217455,0.77582
3,3,1.411365,1.564618,0.910683
3,3,2.41752,1.556155,0.873936
3,3,2.688229,0,0.451377
3,3,2.695094,0,0.413474
3,3,2.618198,0,0.380695
3,3,2.555189,0,0.462973
3,3,1.419136,1.700889,0.930888
3,3,1.422483,1.708971,0.673009
3,3,2.426094,0.294763,0.737226
3,3,2.495961,0.189831,0.652289
3,3,1.797041,1.427413,0.966181
3,3,1.768111,0.616503,0.968151
3,3,2.365188,1.256115,0.760091
3,3,2.299156,1.699056,0.729722
3,3,2.684819,1.46525,0.804491
3,3,2.84174,1.429256,0.775378
3,3,2.796894,0.382189,0.16779
3,3,2.987718,0.387074,0.283804
3,3,2.675567,0,0.081929
3,3,2.770125,0,0.088236
3,3,2.621877,0,0.153669
3,3,2.72005,0,0.127443
3,3,2.436097,0.129178,0.683736
3,3,2.535629,0.152713,0.7702
3,3,2.678779,0,0.508848
3,3,2.569713,0,0.396972
3,3,1.759352,1.469928,0.950438
3,3,1.837184,1.525165,0.926443
3,3,2.856795,1.046463,0.586163
3,3,2.846259,1.295759,0.723154
3,3,1.067716,0.030541,1
3,3,1.029241,0.075776,1
3,3,1.074412,0.006265,0.845633
3,3,1.030501,0.06582,0.991473
3,3,2.699675,1.520818,0.76399
3,3,2.830247,1.783138,0.789064
3,3,2.305521,1.956278,0.92376
3,3,2.155926,1.999836,0.94603
3,3,2.784303,0,0.127775
3,3,2.786417,0,0.079673
3,3,2.707201,0,0.167272
3,3,2.709428,0,0.228486
3,3,1.525127,0.220825,0.896105
3,3,1.554925,0.209586,0.823069
3,3,1.170515,0.264831,0.896842
3,3,1.436616,0.167086,0.764717
3,3,1.242832,0.530925,0.575969
3,3,1.54249,0.6277,0.450479
3,3,1.205548,1.723934,0.952352
3,3,1.301657,1.718543,0.947884
3,3,2.704315,0,0.322666
3,3,2.639816,0,0.452236
3,3,2.708927,0,0.278962
3,3,2.704827,0,0.269577
3,3,1.3954,1.931173,0.878258
3,3,2.611654,1.618512,0.868788
3,3,2.868167,1.48372,0.83509
3,3,2.247979,1.609938,0.849236
3,3,2.702789,1.606109,0.731213
3,3,1.663213,1.094035,0.786665
3,3,2.414739,1.917014,0.927982
3,3,2.351193,1.051889,0.686491
3,3,2.896088,1.612741,0.77319
3,3,2.862408,1.456933,0.742423
3,3,2.887659,1.480919,0.779641
3,3,2.893062,1.408177,0.807457
3,3,2.619517,0,0.140368
3,3,2.682804,0,0.15171
3,3,2.552388,0,0.196288
3,3,2.617401,0,0.200379
3,3,2.654636,0.069238,0.629578
3,3,2.569364,0.159255,0.419446
3,3,1.322004,0,0.539876
3,3,1.292479,0,0.541309
3,3,2.839069,1.231031,0.792496
3,3,2.843782,1.302507,0.773807
3,3,2.858389,1.444382,0.713823
3,3,2.864933,1.501647,0.786846
3,3,1.031701,0.03465,0.912345
3,3,1.000536,0.005939,0.566353
3,3,1.020313,0.108386,1
3,3,1.063422,0.051097,0.543118
3,3,2.45126,0.043689,0.670402
3,3,2.613504,0.067985,0.778632
3,3,1.042989,0.097114,0.42954
3,3,1.237557,0.083675,0.543761
3,3,2.83377,0.806422,0.672513
3,3,2.816052,1.571865,0.688058
3,3,2.682909,1.318743,0.900497
3,3,2.640539,1.879818,0.885993
3,3,2.472903,1.998047,0.840911
3,3,2.372058,1.324805,0.870795
3,3,2.387991,0.850715,0.656491
3,3,2.322003,0.886602,0.843283
3,3,2.737353,0,0.076094
3,3,2.739351,0,0.064769
3,3,2.632498,0,0.140792
3,3,2.632253,0,0.244205
3,3,2.57721,0,0.402075
3,3,2.419153,0.019404,0.597626
3,3,2.609052,0,0.54859
3,3,2.476002,0,0.546345
3,3,2.225139,0.035928,0.565315
3,3,2.556068,0.01682,0.58284
3,3,1.423073,0.197993,0.763359
3,3,1.299194,0.234303,0.946888
3,3,1.679489,0.017804,0.21523
3,3,1.49583,0.109327,0.384129
3,3,1.81786,0.011161,0.447224
3,3,1.967707,0.01437,0.434073
3,3,1.441289,1.425712,0.662277
3,3,1.144539,0.922014,0.899673
3,3,1.353167,1.093679,0.534553
3,3,1.409444,0.933595,0.840393
3,3,1.959287,1.433151,0.911335
3,3,1.931163,1.562213,0.926565
3,3,1.651462,1.655993,0.939982
3,3,1.683448,1.645532,0.858059
3,3,2.395387,0.000272,0.461532
3,3,2.523793,0,0.383953
3,3,2.638896,0,0.224559
3,3,2.666178,0,0.276907
3,3,2.495851,0,0.218645
3,3,2.609188,0,0.17403
3,3,2.471721,0.000096,0.433463
3,3,2.447306,0.000454,0.486558
3,3,1.674061,1.683497,0.780199
3,3,1.678791,1.68249,0.818871
3,3,1.777805,1.584716,0.927341
3,3,1.733306,1.773304,0.921136
3,3,2.435978,0.232742,0.692608
3,3,2.909675,0.360908,0.573887
3,3,2.75137,0.324913,0.516764
3,3,2.887909,0.312923,0.210997
3,3,2.411582,0.985287,0.675076
3,3,2.38639,1.544632,0.900067
3,3,2.232601,0.554323,0.836151
3,3,1.755907,1.48809,0.857718
3,3,2.336349,1.4164,0.711724
3,3,2.562002,1.976427,0.740331
3,3,2.305574,1.734424,0.863043
3,3,2.319912,1.582675,0.680746
3,3,2.70196,1.465909,0.813235
3,3,2.474518,1.560261,0.662489
3,3,2.748569,1.427037,0.902825
3,3,2.827773,1.412357,0.901071
3,3,2.632224,0.300964,0.26956
3,3,2.868679,0.115369,0.028583
3,3,2.930137,0.043101,0.138629
3,3,2.961899,0.259424,0.080128
3,3,2.550672,0,0.224655
3,3,2.584305,0,0.232108
3,3,2.621976,0,0.123861
3,3,2.722276,0,0.091711
3,3,2.634342,0,0.178301
3,3,2.61939,0,0.171034
3,3,2.78678,0,0.09776
3,3,2.768141,0,0.094213
3,3,1.71659,0.001272,0.545993
3,3,2.094901,0.07089,0.599441
3,3,2.347322,0.008013,0.503896
3,3,2.331123,0.063383,0.561661
3,3,1.757105,0.085119,0.465444
3,3,2.506631,0.025787,0.484165
3,3,2.48707,0.067329,0.455823
3,3,2.320068,0.045246,0.413106
3,3,1.650612,1.537639,0.912457
3,3,1.610768,1.510398,0.931455
3,3,1.796267,1.728332,0.897924
3,3,1.728139,1.676269,0.906247
3,3,2.00513,1.34139,0.59927
3,3,2.054193,1.414209,0.646288
3,3,2.852339,1.139107,0.586035
3,3,2.863513,1.026452,0.714137
